Alraune Zech = Alraune Zech <Alraune Zech@mycompany.com>
Ashok Kumar Singh = Ashok Kumar Singh <Ashok Kumar Singh@mycompany.com>
Ashok Singh = Ashok Singh <Ashok Singh@mycompany.com>
Chan-Hee Park = Chan-Hee Park <Chan-Hee Park@mycompany.com>
Chris McDermott = Chris McDermott <Chris McDermott@mycompany.com>
Christopher McDermott = Christopher McDermott <Christopher McDermott@mycompany.com>
Cui Chen = Cui Chen <Cui Chen@mycompany.com>
Dr. Olaf Kolditz = Dr. Olaf Kolditz <Dr. Olaf Kolditz@mycompany.com>
FENGS = FENGS <FENGS@mycompany.com>
Feng Sun = Feng Sun <Feng Sun@mycompany.com>
Florian Centler = Florian Centler <Florian Centler@mycompany.com>
Georg Kosakowski = Georg Kosakowski <georg.kosakowski@psi.ch>
Haibing Shao = Haibing Shao <Haibing Shao@mycompany.com>
Hong Tian = Hong Tian <Hong Tian@mycompany.com>
Jan Gronewold = Jan Gronewold <Jan Gronewold@mycompany.com>
Jens-Olaf Delfs = Jens-Olaf Delfs <Jens-Olaf Delfs@mycompany.com>
Joshua Taron = Joshua Taron <Joshua Taron@mycompany.com>
Karsten Rink = Karsten Rink <Karsten Rink@mycompany.com>
Lars Bilke = Lars Bilke <Lars Bilke@mycompany.com>
Magdalena Kempa = Magdalena Kempa <Magdalena Kempa@mycompany.com>
Marco De Lucia = Marco De Lucia <Marco De Lucia@mycompany.com>
Martin Beinhorn = Martin Beinhorn <Martin Beinhorn@mycompany.com>
Matthias Hess = Matthias Hess <Matthias Hess@mycompany.com>
Mauro Cacace = Mauro Cacace <Mauro Cacace@mycompany.com>
Mingliang Xie = Mingliang Xie <Mingliang Xie@mycompany.com>
Myles English = Myles English <Myles English@mycompany.com>
Norbert Boettcher = Norbert Boettcher <Norbert Boettcher@mycompany.com>
Norihiro Watanabe = Norihiro Watanabe <Norihiro Watanabe@mycompany.com>
Olaf Kolditz = Olaf Kolditz <Olaf Kolditz@mycompany.com>
Panagiotis Adamidis = Panagiotis Adamidis <Panagiotis Adamidis@mycompany.com>
Remi Lavergne = Remi Lavergne <Remi Lavergne@mycompany.com>
Robert Walsh = Robert Walsh <Robert Walsh@mycompany.com>
Sebastian Bauer = Sebastian Bauer <Sebastian Bauer@mycompany.com>
Thomas Fischer = Thomas Fischer <Thomas Fischer@mycompany.com>
Thomas Kalbacher = Thomas Kalbacher <Thomas Kalbacher@mycompany.com>
Ursula Lengler = Ursula Lengler <Ursula Lengler@mycompany.com>
Uwe-Jens Goerke = Uwe-Jens Goerke <Uwe-Jens Goerke@mycompany.com>
Wenqing Wang = Wenqing Wang <Wenqing Wang@mycompany.com>
Yajie Wu = Yajie Wu <Yajie Wu@mycompany.com>
Yanliang Du = Yanliang Du <Yanliang Du@mycompany.com>
bilke = bilke <bilke@mycompany.com>
boettche = boettche <boettche@mycompany.com>
centlerf = centlerf <centlerf@mycompany.com>
delfs = delfs <delfs@mycompany.com>
extbenis = extbenis <extbenis@mycompany.com>
extbeyec = extbeyec <extbeyec@mycompany.com>
extboett = extboett <extboett@mycompany.com>
extengli = extengli <extengli@mycompany.com>
extgraup = extgraup <extgraup@mycompany.com>
extkosak = extkosak <extkosak@mycompany.com>
extmarco = extmarco <extmarco@mycompany.com>
extpark = extpark <extpark@mycompany.com>
extpfeif = extpfeif <extpfeif@mycompany.com>
exttian = exttian <exttian@mycompany.com>
extwalth = extwalth <extwalth@mycompany.com>
extwu = extwu <extwu@mycompany.com>
fengs = fengs <fengs@mycompany.com>
fischeth = fischeth <fischeth@mycompany.com>
goerke = goerke <goerke@mycompany.com>
hafele = hafele <hafele@mycompany.com>
haibing = haibing <haibing@mycompany.com>
helbigc = helbigc <helbigc@mycompany.com>
hew = hew <hew@mycompany.com>
kalbache = kalbache <kalbache@mycompany.com>
lberg = lberg <lberg@mycompany.com>
nagelt = nagelt <nagelt@mycompany.com>
okolditz = okolditz <okolditz@mycompany.com>
park = park <park@mycompany.com>
raduflor = raduflor <raduflor@mycompany.com>
rinkk = rinkk <rinkk@mycompany.com>
singha = singha <singha@mycompany.com>
sun = sun <sun@mycompany.com>
taron = taron <taron@mycompany.com>
watanabe = watanabe <watanabe@mycompany.com>
wuya = wuya <wuya@mycompany.com>
wwang = wwang <wwang@mycompany.com>
zehner = zehner <zehner@mycompany.com>
